ID;CourseID;Number;SpecificationAbb;Edition;EditionOrder;Year;Type;StarValue;Remark
1;1;2;RR;3;1;;PT;1;
2;1;3;RR;3;1;;PT;1;
3;1;4;RR;3;1;;PT;1;
4;1;5;RR;3;1;;PT;1;
5;1;6;RR;3;1;;PT;1;
6;1;7;RR;3;1;;PT;1;
7;1;8;RR;3;1;;PT;1;
8;1;9;RR;3;1;;PT;1;
9;1;10;RR;3;1;;PT;1;
10;1;11;RR;3;3;;PT;1;
11;1;12;RR;3;2;;PT;1;
12;2;1;MA;3;1;;PT;1;
13;2;2;MA;3;2;;PT;1;
14;2;3;MA;3;2;;PT;1;
15;2;4;MA;3;2;;PT;1;
16;2;5;MA;3;2;;PT;1;
17;2;6;MA;3;2;;PT;1;
18;2;7;MA;3;2;;PT;1;
19;2;8;MA;3;2;;PT;1;
20;2;9;MA;3;2;;PT;1;
21;2;10;MA;3;2;;PT;1;
22;2;11;MA;3;2;;PT;1;
23;2;12;MA;3;2;;PT;1;
24;3;1;EN;3;3;;PT;1;
25;3;2;EN;3;2;;PT;1;
26;3;3;EN;3;2;;PT;1;
27;3;4;EN;3;2;;PT;1;
28;3;5;EN;3;2;;PT;1;
29;3;6;EN;3;2;;PT;1;
30;3;7;EN;3;2;;PT;1;
31;3;8;EN;3;2;;PT;1;
32;3;9;EN;3;2;;PT;1;
33;3;10;EN;3;2;;PT;1;
34;3;11;EN;3;2;;PT;1;
35;3;12;EN;3;2;;PT;1;
36;4;1;WB;3;3;;PT;1;
37;4;2;WB;3;2;;PT;1;
38;4;3;WB;3;2;;PT;1;
39;4;4;WB;3;2;;PT;1;
40;4;5;WB;3;2;;PT;1;
41;4;6;WB;3;2;;PT;1;
42;4;7;WB;3;2;;PT;1;
43;4;8;WB;3;2;;PT;1;
44;4;9;WB;3;2;;PT;1;
45;4;10;WB;3;2;;PT;1;
46;4;11;WB;3;2;;PT;1;
47;4;12;WB;3;2;;PT;1;
48;5;1;LC;3;2;;PT;1;
49;5;2;LC;3;2;;PT;1;
50;5;3;LC;3;2;;PT;1;
51;5;4;LC;3;2;;PT;1;
52;5;5;LC;3;2;;PT;1;
53;5;6;LC;3;2;;PT;1;
54;5;7;LC;3;2;;PT;1;
55;5;8;LC;3;2;;PT;1;
56;5;9;LC;3;2;;PT;1;
57;5;10;LC;3;2;;PT;1;
58;5;11;LC;3;2;;PT;1;
59;5;12;LC;3;2;;PT;1;
60;6;1;SC;3;2;;PT;1;
61;6;2;SC;3;2;;PT;1;
62;6;3;SC;3;2;;PT;1;
63;6;4;SC;3;2;;PT;1;
64;6;5;SC;3;2;;PT;1;
65;6;6;SC;3;2;;PT;1;
66;6;7;SC;3;2;;PT;1;
67;6;8;SC;3;2;;PT;1;
68;6;9;SC;3;2;;PT;1;
69;6;10;SC;3;2;;PT;1;
70;6;11;SC;3;2;;PT;1;
71;6;12;SC;3;2;;PT;1;
72;7;1;SS;3;2;;PT;1;
73;7;2;SS;3;2;;PT;1;
74;7;3;SS;3;2;;PT;1;
75;7;4;SS;3;2;;PT;1;
76;7;5;SS;3;2;;PT;1;
77;7;6;SS;3;2;;PT;1;
78;7;7;SS;3;2;;PT;1;
79;7;8;SS;3;2;;PT;1;
80;7;9;SS;3;2;;PT;1;
81;7;10;SS;3;2;;PT;1;
82;7;11;SS;3;2;;PT;1;
83;7;12;SS;3;2;;PT;1;
84;8;1;BR;3;2;;PT;1;
85;8;2;BR;3;2;;PT;1;
86;8;3;BR;3;2;;PT;1;
87;8;4;BR;3;2;;PT;1;
88;8;5;BR;3;2;;PT;1;
89;8;6;BR;3;2;;PT;1;
90;8;7;BR;3;2;;PT;1;
91;8;8;BR;3;2;;PT;1;
92;8;9;BR;3;2;;PT;1;
93;8;10;BR;3;2;;PT;1;
94;8;11;BR;3;2;;PT;1;
95;8;12;BR;3;2;;PT;1;
96;9;13;MA;3;2;;PT;1;
97;9;14;MA;3;1;;PT;1;
98;9;15;MA;3;1;;PT;1;
99;9;16;MA;3;1;;PT;1;
100;9;17;MA;3;1;;PT;1;
101;9;18;MA;3;1;;PT;1;
102;9;19;MA;3;1;;PT;1;
103;9;20;MA;3;1;;PT;1;
104;9;21;MA;3;1;;PT;1;
105;9;22;MA;3;1;;PT;1;
106;9;23;MA;3;1;;PT;1;
107;9;24;MA;3;1;;PT;1;
108;10;13;EN;3;1;;PT;1;
109;10;14;EN;3;1;;PT;1;
110;10;15;EN;3;1;;PT;1;
111;10;16;EN;3;1;;PT;1;
112;10;17;EN;3;1;;PT;1;
113;10;18;EN;3;1;;PT;1;
114;10;19;EN;3;1;;PT;1;
115;10;20;EN;3;1;;PT;1;
116;10;21;EN;3;1;;PT;1;
117;10;22;EN;3;1;;PT;1;
118;10;23;EN;3;1;;PT;1;
119;10;24;EN;3;1;;PT;1;
120;11;13;WB;3;1;;PT;1;
121;11;14;WB;3;1;;PT;1;
122;11;15;WB;3;1;;PT;1;
123;11;16;WB;3;1;;PT;1;
124;11;17;WB;3;1;;PT;1;
125;11;18;WB;3;1;;PT;1;
126;11;19;WB;3;1;;PT;1;
127;11;20;WB;3;1;;PT;1;
128;11;21;WB;3;1;;PT;1;
129;11;22;WB;3;1;;PT;1;
130;11;23;WB;3;1;;PT;1;
131;11;24;WB;3;1;;PT;1;
132;12;13;LC;3;1;;PT;1;
133;12;14;LC;3;1;;PT;1;
134;12;15;LC;3;1;;PT;1;
135;12;16;LC;3;1;;PT;1;
136;12;17;LC;3;1;;PT;1;
137;12;18;LC;3;1;;PT;1;
138;12;19;LC;3;1;;PT;1;
139;12;20;LC;3;1;;PT;1;
140;12;21;LC;3;1;;PT;1;
141;12;22;LC;3;1;;PT;1;
142;12;23;LC;3;1;;PT;1;
143;12;24;LC;3;1;;PT;1;
144;13;13;SC;3;1;;PT;1;
145;13;14;SC;3;1;;PT;1;
146;13;15;SC;3;1;;PT;1;
147;13;16;SC;3;1;;PT;1;
148;13;17;SC;3;1;;PT;1;
149;13;18;SC;3;1;;PT;1;
150;13;19;SC;3;2;;PT;1;
151;13;20;SC;3;1;;PT;1;
152;13;21;SC;3;1;;PT;1;
153;13;22;SC;3;1;;PT;1;
154;13;23;SC;3;1;;PT;1;
155;13;24;SC;3;1;;PT;1;
156;14;13;SS;3;1;;PT;1;
157;14;14;SS;3;1;;PT;1;
158;14;15;SS;3;1;;PT;1;
159;14;16;SS;3;1;;PT;1;
160;14;17;SS;3;1;;PT;1;
161;14;18;SS;3;1;;PT;1;
162;14;19;SS;3;2;;PT;1;
163;14;20;SS;3;1;;PT;1;
164;14;21;SS;3;1;;PT;1;
165;14;22;SS;3;1;;PT;1;
166;14;23;SS;3;1;;PT;1;
167;14;24;SS;3;1;;PT;1;
168;15;13;BR;3;1;;PT;1;
169;15;14;BR;3;1;;PT;1;
170;15;15;BR;3;1;;PT;1;
171;15;16;BR;3;1;;PT;1;
172;15;17;BR;3;1;;PT;1;
173;15;18;BR;3;1;;PT;1;
174;15;19;BR;3;1;;PT;1;
175;15;20;BR;3;1;;PT;1;
176;15;21;BR;3;1;;PT;1;
177;15;22;BR;3;1;;PT;1;
178;15;23;BR;3;1;;PT;1;
179;15;24;BR;3;1;;PT;1;
180;16;25;MA;3;1;;PT;1;
181;16;26;MA;3;1;;PT;1;
182;16;27;MA;3;1;;PT;1;
183;16;28;MA;3;1;;PT;1;
184;16;29;MA;3;1;;PT;1;
185;16;30;MA;3;1;;PT;1;
186;16;31;MA;3;1;;PT;1;
187;16;32;MA;3;1;;PT;1;
188;16;33;MA;3;1;;PT;1;
189;16;34;MA;3;1;;PT;1;
190;16;35;MA;3;1;;PT;1;
191;16;36;MA;3;1;;PT;1;
192;17;25;EN;3;1;;PT;1;
193;17;26;EN;3;1;;PT;1;
194;17;27;EN;3;1;;PT;1;
195;17;28;EN;3;1;;PT;1;
196;17;29;EN;3;1;;PT;1;
197;17;30;EN;3;1;;PT;1;
198;17;31;EN;3;1;;PT;1;
199;17;32;EN;3;1;;PT;1;
200;17;33;EN;3;1;;PT;1;
201;17;34;EN;3;1;;PT;1;
202;17;35;EN;3;1;;PT;1;
203;17;36;EN;3;1;;PT;1;
204;18;25;WB;3;1;;PT;1;
205;18;26;WB;3;1;;PT;1;
206;18;27;WB;3;1;;PT;1;
207;18;28;WB;3;1;;PT;1;
208;18;29;WB;3;1;;PT;1;
209;18;30;WB;3;1;;PT;1;
210;18;31;WB;3;1;;PT;1;
211;18;32;WB;3;1;;PT;1;
212;18;33;WB;3;1;;PT;1;
213;18;34;WB;3;1;;PT;1;
214;18;35;WB;3;1;;PT;1;
215;18;36;WB;3;1;;PT;1;
216;19;25;LC;3;1;;PT;1;
217;19;26;LC;3;1;;PT;1;
218;19;27;LC;3;1;;PT;1;
219;19;28;LC;3;1;;PT;1;
220;19;29;LC;3;1;;PT;1;
221;19;30;LC;3;1;;PT;1;
222;19;31;LC;3;1;;PT;1;
223;19;32;LC;3;2;;PT;1;
224;19;33;LC;3;1;;PT;1;
225;19;34;LC;3;1;;PT;1;
226;19;35;LC;3;1;;PT;1;
227;19;36;LC;3;1;;PT;1;
228;20;25;SC;3;1;;PT;1;
229;20;26;SC;3;1;;PT;1;
230;20;27;SC;3;1;;PT;1;
231;20;28;SC;3;1;;PT;1;
232;20;29;SC;3;1;;PT;1;
233;20;30;SC;3;1;;PT;1;
234;20;31;SC;3;1;;PT;1;
235;20;32;SC;3;1;;PT;1;
236;20;33;SC;3;1;;PT;1;
237;20;34;SC;3;1;;PT;1;
238;20;35;SC;3;1;;PT;1;
239;20;36;SC;3;1;;PT;1;
240;21;25;SS;3;1;;PT;1;
241;21;26;SS;3;1;;PT;1;
242;21;27;SS;3;1;;PT;1;
243;21;28;SS;3;1;;PT;1;
244;21;29;SS;3;1;;PT;1;
245;21;30;SS;3;1;;PT;1;
246;21;31;SS;3;1;;PT;1;
247;21;32;SS;3;1;;PT;1;
248;21;33;SS;3;1;;PT;1;
249;21;34;SS;3;1;;PT;1;
250;21;35;SS;3;1;;PT;1;
251;21;36;SS;3;1;;PT;1;
252;22;25;BR;3;1;;PT;1;
253;22;26;BR;3;1;;PT;1;
254;22;27;BR;3;1;;PT;1;
255;22;28;BR;3;1;;PT;1;
256;22;29;BR;3;1;;PT;1;
257;22;30;BR;3;1;;PT;1;
258;22;31;BR;3;1;;PT;1;
259;22;32;BR;3;1;;PT;1;
260;22;33;BR;3;1;;PT;1;
261;22;34;BR;3;1;;PT;1;
262;22;35;BR;3;1;;PT;1;
263;22;36;BR;3;1;;PT;1;
264;23;37;MA;3;1;;PT;1;
265;23;38;MA;3;1;;PT;1;
266;23;39;MA;3;1;;PT;1;
267;23;40;MA;3;1;;PT;1;
268;23;41;MA;3;1;;PT;1;
269;23;42;MA;3;1;;PT;1;
270;23;43;MA;3;1;;PT;1;
271;23;44;MA;3;1;;PT;1;
272;23;45;MA;3;1;;PT;1;
273;23;46;MA;3;1;;PT;1;
274;23;47;MA;3;1;;PT;1;
275;23;48;MA;3;1;;PT;1;
276;24;37;EN;3;1;;PT;1;
277;24;38;EN;3;1;;PT;1;
278;24;39;EN;3;1;;PT;1;
279;24;40;EN;3;1;;PT;1;
280;24;41;EN;3;1;;PT;1;
281;24;42;EN;3;1;;PT;1;
282;24;43;EN;3;1;;PT;1;
283;24;44;EN;3;1;;PT;1;
284;24;45;EN;3;1;;PT;1;
285;24;46;EN;3;1;;PT;1;
286;24;47;EN;3;1;;PT;1;
287;24;48;EN;3;1;;PT;1;
288;25;37;WB;3;1;;PT;1;
289;25;38;WB;3;1;;PT;1;
290;25;39;WB;3;1;;PT;1;
291;25;40;WB;3;1;;PT;1;
292;25;41;WB;3;1;;PT;1;
293;25;42;WB;3;1;;PT;1;
294;25;43;WB;3;1;;PT;1;
295;25;44;WB;3;1;;PT;1;
296;25;45;WB;3;1;;PT;1;
297;25;46;WB;3;1;;PT;1;
298;25;47;WB;3;1;;PT;1;
299;25;48;WB;3;1;;PT;1;
300;26;37;LC;3;1;;PT;1;
301;26;38;LC;3;1;;PT;1;
302;26;39;LC;3;1;;PT;1;
303;26;40;LC;3;1;;PT;1;
304;26;41;LC;3;1;;PT;1;
305;26;42;LC;3;1;;PT;1;
306;26;43;LC;3;1;;PT;1;
307;26;44;LC;3;1;;PT;1;
308;26;45;LC;3;1;;PT;1;
309;26;46;LC;3;1;;PT;1;
310;26;47;LC;3;1;;PT;1;
311;26;48;LC;3;1;;PT;1;
312;27;37;SC;3;1;;PT;1;
313;27;38;SC;3;1;;PT;1;
314;27;39;SC;3;1;;PT;1;
315;27;40;SC;3;1;;PT;1;
316;27;41;SC;3;1;;PT;1;
317;27;42;SC;3;1;;PT;1;
318;27;43;SC;3;1;;PT;1;
319;27;44;SC;3;1;;PT;1;
320;27;45;SC;3;1;;PT;1;
321;27;46;SC;3;1;;PT;1;
322;27;47;SC;3;1;;PT;1;
323;27;48;SC;3;1;;PT;1;
324;28;37;SS;3;1;;PT;1;
325;28;38;SS;3;1;;PT;1;
326;28;39;SS;3;1;;PT;1;
327;28;40;SS;3;1;;PT;1;
328;28;41;SS;3;1;;PT;1;
329;28;42;SS;3;1;;PT;1;
330;28;43;SS;3;1;;PT;1;
331;28;44;SS;3;1;;PT;1;
332;28;45;SS;3;1;;PT;1;
333;28;46;SS;3;1;;PT;1;
334;28;47;SS;3;1;;PT;1;
335;28;48;SS;3;1;;PT;1;
336;29;37;BR;3;1;;PT;1;
337;29;38;BR;3;1;;PT;1;
338;29;39;BR;3;1;;PT;1;
339;29;40;BR;3;1;;PT;1;
340;29;41;BR;3;1;;PT;1;
341;29;42;BR;3;1;;PT;1;
342;29;43;BR;3;1;;PT;1;
343;29;44;BR;3;1;;PT;1;
344;29;45;BR;3;1;;PT;1;
345;29;46;BR;3;1;;PT;1;
346;29;47;BR;3;1;;PT;1;
347;29;48;BR;3;1;;PT;1;
348;30;49;MA;3;1;;PT;1;
349;30;50;MA;3;1;;PT;1;
350;30;51;MA;3;1;;PT;1;
351;30;52;MA;3;1;;PT;1;
352;30;53;MA;3;1;;PT;1;
353;30;54;MA;3;1;;PT;1;
354;30;55;MA;3;1;;PT;1;
355;30;56;MA;3;1;;PT;1;
356;30;57;MA;3;1;;PT;1;
357;30;58;MA;3;1;;PT;1;
358;30;59;MA;3;1;;PT;1;
359;30;60;MA;3;1;;PT;1;
360;31;49;EN;3;1;;PT;1;
361;31;50;EN;3;1;;PT;1;
362;31;51;EN;3;1;;PT;1;
363;31;52;EN;3;1;;PT;1;
364;31;53;EN;3;1;;PT;1;
365;31;54;EN;3;1;;PT;1;
366;31;55;EN;3;1;;PT;1;
367;31;56;EN;3;1;;PT;1;
368;31;57;EN;3;1;;PT;1;
369;31;58;EN;3;1;;PT;1;
370;31;59;EN;3;1;;PT;1;
371;31;60;EN;3;1;;PT;1;
372;32;49;WB;3;1;;PT;1;
373;32;50;WB;3;1;;PT;1;
374;32;51;WB;3;1;;PT;1;
375;32;52;WB;3;1;;PT;1;
376;32;53;WB;3;1;;PT;1;
377;32;54;WB;3;1;;PT;1;
378;32;55;WB;3;1;;PT;1;
379;32;56;WB;3;1;;PT;1;
380;32;57;WB;3;1;;PT;1;
381;32;58;WB;3;1;;PT;1;
382;32;59;WB;3;1;;PT;1;
383;32;60;WB;3;1;;PT;1;
384;33;49;LC;3;1;;PT;1;
385;33;50;LC;3;1;;PT;1;
386;33;51;LC;3;1;;PT;1;
387;33;52;LC;3;1;;PT;1;
388;33;53;LC;3;1;;PT;1;
389;33;54;LC;3;1;;PT;1;
390;33;55;LC;3;1;;PT;1;
391;33;56;LC;3;1;;PT;1;
392;33;57;LC;3;1;;PT;1;
393;33;58;LC;3;1;;PT;1;
394;33;59;LC;3;1;;PT;1;
395;33;60;LC;3;1;;PT;1;
396;34;49;SC;3;1;;PT;1;
397;34;50;SC;3;1;;PT;1;
398;34;51;SC;3;1;;PT;1;
399;34;52;SC;3;1;;PT;1;
400;34;53;SC;3;1;;PT;1;
401;34;54;SC;3;1;;PT;1;
402;34;55;SC;3;1;;PT;1;
403;34;56;SC;3;1;;PT;1;
404;34;57;SC;3;1;;PT;1;
405;34;58;SC;3;1;;PT;1;
406;34;59;SC;3;1;;PT;1;
407;34;60;SC;3;1;;PT;1;
408;35;49;SS;3;1;;PT;1;
409;35;50;SS;3;1;;PT;1;
410;35;51;SS;3;1;;PT;1;
411;35;52;SS;3;1;;PT;1;
412;35;53;SS;3;1;;PT;1;
413;35;54;SS;3;1;;PT;1;
414;35;55;SS;3;1;;PT;1;
415;35;56;SS;3;1;;PT;1;
416;35;57;SS;3;1;;PT;1;
417;35;58;SS;3;1;;PT;1;
418;35;59;SS;3;1;;PT;1;
419;35;60;SS;3;1;;PT;1;
420;36;49;BR;3;1;;PT;1;
421;36;50;BR;3;1;;PT;1;
422;36;51;BR;3;1;;PT;1;
423;36;52;BR;3;1;;PT;1;
424;36;53;BR;3;1;;PT;1;
425;36;54;BR;3;1;;PT;1;
426;36;55;BR;3;1;;PT;1;
427;36;56;BR;3;1;;PT;1;
428;36;57;BR;3;1;;PT;1;
429;36;58;BR;3;1;;PT;1;
430;36;59;BR;3;1;;PT;1;
431;36;60;BR;3;1;;PT;1;
432;37;61;MA;3;1;;PT;1;
433;37;62;MA;3;1;;PT;1;
434;37;63;MA;3;1;;PT;1;
435;37;64;MA;3;1;;PT;1;
436;37;65;MA;3;1;;PT;1;
437;37;66;MA;3;1;;PT;1;
438;37;67;MA;3;1;;PT;1;
439;37;68;MA;3;1;;PT;1;
440;37;69;MA;3;1;;PT;1;
441;37;70;MA;3;1;;PT;1;
442;37;71;MA;3;1;;PT;1;
443;37;72;MA;3;1;;PT;1;
444;38;61;EN;3;1;;PT;1;
445;38;62;EN;3;1;;PT;1;
446;38;63;EN;3;1;;PT;1;
447;38;64;EN;3;1;;PT;1;
448;38;65;EN;3;1;;PT;1;
449;38;66;EN;3;1;;PT;1;
450;38;67;EN;3;1;;PT;1;
451;38;68;EN;3;1;;PT;1;
452;38;69;EN;3;1;;PT;1;
453;38;70;EN;3;1;;PT;1;
454;38;71;EN;3;1;;PT;1;
455;38;72;EN;3;1;;PT;1;
456;39;61;WB;3;1;;PT;1;
457;39;62;WB;3;1;;PT;1;
458;39;63;WB;3;1;;PT;1;
459;39;64;WB;3;1;;PT;1;
460;39;65;WB;3;1;;PT;1;
461;39;66;WB;3;1;;PT;1;
462;39;67;WB;3;1;;PT;1;
463;39;68;WB;3;1;;PT;1;
464;39;69;WB;3;1;;PT;1;
465;39;70;WB;3;1;;PT;1;
466;39;71;WB;3;1;;PT;1;
467;39;72;WB;3;1;;PT;1;
468;40;61;LC;3;1;;PT;1;
469;40;62;LC;3;1;;PT;1;
470;40;63;LC;3;1;;PT;1;
471;40;64;LC;3;1;;PT;1;
472;40;65;LC;3;1;;PT;1;
473;40;66;LC;3;1;;PT;1;
474;40;67;LC;3;1;;PT;1;
475;40;68;LC;3;1;;PT;1;
476;40;69;LC;3;1;;PT;1;
477;40;70;LC;3;1;;PT;1;
478;40;71;LC;3;1;;PT;1;
479;40;72;LC;3;1;;PT;1;
480;41;61;SC;3;1;;PT;1;
481;41;62;SC;3;1;;PT;1;
482;41;63;SC;3;1;;PT;1;
483;41;64;SC;3;1;;PT;1;
484;41;65;SC;3;1;;PT;1;
485;41;66;SC;3;1;;PT;1;
486;41;67;SC;3;1;;PT;1;
487;41;68;SC;3;1;;PT;1;
488;41;69;SC;3;1;;PT;1;
489;41;70;SC;3;1;;PT;1;
490;41;71;SC;3;1;;PT;1;
491;41;72;SC;3;1;;PT;1;
492;42;61;SS;3;1;;PT;1;
493;42;62;SS;3;1;;PT;1;
494;42;63;SS;3;1;;PT;1;
495;42;64;SS;3;1;;PT;1;
496;42;65;SS;3;1;;PT;1;
497;42;66;SS;3;1;;PT;1;
498;42;67;SS;3;1;;PT;1;
499;42;68;SS;3;1;;PT;1;
500;42;69;SS;3;1;;PT;1;
501;42;70;SS;3;1;;PT;1;
502;42;71;SS;3;1;;PT;1;
503;42;72;SS;3;1;;PT;1;
504;43;61;BR;3;1;;PT;1;
505;43;62;BR;3;1;;PT;1;
506;43;63;BR;3;1;;PT;1;
507;43;64;BR;3;1;;PT;1;
508;43;65;BR;3;1;;PT;1;
509;43;66;BR;3;1;;PT;1;
510;43;67;BR;3;1;;PT;1;
511;43;68;BR;3;1;;PT;1;
512;43;69;BR;3;1;;PT;1;
513;43;70;BR;3;1;;PT;1;
514;43;71;BR;3;1;;PT;1;
515;43;72;BR;3;1;;PT;1;
516;44;73;MA;3;1;;PT;1;
517;44;74;MA;3;1;;PT;1;
518;44;75;MA;3;1;;PT;1;
519;44;76;MA;3;1;;PT;1;
520;44;77;MA;3;1;;PT;1;
521;44;78;MA;3;1;;PT;1;
522;44;79;MA;3;1;;PT;1;
523;44;80;MA;3;1;;PT;1;
524;44;81;MA;3;1;;PT;1;
525;44;82;MA;3;1;;PT;1;
526;44;83;MA;3;1;;PT;1;
527;44;84;MA;3;1;;PT;1;
528;45;73;EN;3;1;;PT;1;
529;45;74;EN;3;1;;PT;1;
530;45;75;EN;3;1;;PT;1;
531;45;76;EN;3;1;;PT;1;
532;45;77;EN;3;1;;PT;1;
533;45;78;EN;3;1;;PT;1;
534;45;79;EN;3;1;;PT;1;
535;45;80;EN;3;1;;PT;1;
536;45;81;EN;3;1;;PT;1;
537;45;82;EN;3;1;;PT;1;
538;45;83;EN;3;1;;PT;1;
539;45;84;EN;3;1;;PT;1;
540;46;73;BA;3;1;;PT;1;
541;46;74;BA;3;1;;PT;1;
542;46;75;BA;3;1;;PT;1;
543;46;76;BA;3;1;;PT;1;
544;46;77;BA;3;1;;PT;1;
545;46;78;BA;3;1;;PT;1;
546;46;79;BA;3;1;;PT;1;
547;46;80;BA;3;1;;PT;1;
548;46;81;BA;3;1;;PT;1;
549;46;82;BA;3;1;;PT;1;
550;46;83;BA;3;1;;PT;1;
551;46;84;BA;3;1;;PT;1;
552;47;73;WB;3;1;;PT;1;
553;47;74;WB;3;1;;PT;1;
554;47;75;WB;3;1;;PT;1;
555;47;76;WB;3;1;;PT;1;
556;47;77;WB;3;1;;PT;1;
557;47;78;WB;3;1;;PT;1;
558;47;79;WB;3;1;;PT;1;
559;47;80;WB;3;1;;PT;1;
560;47;81;WB;3;1;;PT;1;
561;47;82;WB;3;1;;PT;1;
562;47;83;WB;3;1;;PT;1;
563;47;84;WB;3;1;;PT;1;
564;48;74;LC;3;1;;PT;1;
565;48;75;LC;3;1;;PT;1;
566;48;76;LC;3;1;;PT;1;
567;48;77;LC;3;1;;PT;1;
568;48;78;LC;3;1;;PT;1;
569;48;79;LC;3;1;;PT;1;
570;48;80;LC;3;1;;PT;1;
571;48;81;LC;3;1;;PT;1;
572;48;82;LC;3;1;;PT;1;
573;48;83;LC;3;1;;PT;1;
574;48;84;LC;3;1;;PT;1;
575;49;73;SC;3;1;;PT;1;
576;49;74;SC;3;1;;PT;1;
577;49;75;SC;3;1;;PT;1;
578;49;76;SC;3;1;;PT;1;
579;49;77;SC;3;1;;PT;1;
580;49;78;SC;3;1;;PT;1;
581;49;79;SC;3;1;;PT;1;
582;49;80;SC;3;1;;PT;1;
583;49;81;SC;3;1;;PT;1;
584;49;82;SC;3;1;;PT;1;
585;49;83;SC;3;1;;PT;1;
586;49;84;SC;3;1;;PT;1;
587;50;73;SS;3;1;;PT;1;
588;50;74;SS;3;1;;PT;1;
589;50;75;SS;3;1;;PT;1;
590;50;76;SS;3;1;;PT;1;
591;50;77;SS;3;1;;PT;1;
592;50;78;SS;3;1;;PT;1;
593;51;1;SI;3;1;;PT;1;
594;51;2;SI;3;1;;PT;1;
595;51;3;SI;3;1;;PT;1;
596;52;73;BR;3;1;;PT;1;
597;52;74;BR;3;1;;PT;1;
598;52;75;BR;3;1;;PT;1;
599;52;76;BR;3;1;;PT;1;
600;52;77;BR;3;1;;PT;1;
601;52;78;BR;3;1;;PT;1;
602;52;79;BR;3;1;;PT;1;
603;52;80;BR;3;1;;PT;1;
604;52;81;BR;3;1;;PT;1;
605;52;82;BR;3;1;;PT;1;
606;52;83;BR;3;1;;PT;1;
607;52;84;BR;3;1;;PT;1;
608;53;85;GM;3;1;;PT;1;
609;53;86;GM;3;1;;PT;1;
610;53;87;GM;3;1;;PT;1;
611;53;88;GM;3;1;;PT;1;
612;53;89;GM;3;1;;PT;1;
613;53;90;GM;3;1;;PT;1;
614;53;91;GM;3;1;;PT;1;
615;53;92;GM;3;1;;PT;1;
616;53;93;GM;3;1;;PT;1;
617;53;94;GM;3;1;;PT;1;
618;53;95;GM;3;1;;PT;1;
619;53;96;GM;3;1;;PT;1;
620;54;85;EN;3;1;;PT;1;
621;54;86;EN;3;1;;PT;1;
622;54;87;EN;3;1;;PT;1;
623;54;88;EN;3;1;;PT;1;
624;54;89;EN;3;1;;PT;1;
625;54;90;EN;3;1;;PT;1;
626;54;91;EN;3;1;;PT;1;
627;54;92;EN;3;1;;PT;1;
628;54;93;EN;3;1;;PT;1;
629;54;94;EN;3;1;;PT;1;
630;54;95;EN;3;1;;PT;1;
631;54;96;EN;3;1;;PT;1;
632;55;85;WB;3;1;;PT;1;
633;55;86;WB;3;1;;PT;1;
634;55;87;WB;3;1;;PT;1;
635;55;88;WB;3;1;;PT;1;
636;55;89;WB;3;1;;PT;1;
637;55;90;WB;3;1;;PT;1;
638;55;91;WB;3;1;;PT;1;
639;55;92;WB;3;1;;PT;1;
640;55;93;WB;3;1;;PT;1;
641;55;94;WB;3;1;;PT;1;
642;55;95;WB;3;1;;PT;1;
643;55;96;WB;3;1;;PT;1;
644;56;86;LC;3;1;;PT;1;
645;56;87;LC;3;1;;PT;1;
646;56;88;LC;3;1;;PT;1;
647;56;89;LC;3;1;;PT;1;
648;56;90;LC;3;1;;PT;1;
649;56;91;LC;3;1;;PT;1;
650;56;92;LC;3;1;;PT;1;
651;56;93;LC;3;1;;PT;1;
652;56;94;LC;3;1;;PT;1;
653;56;95;LC;3;1;;PT;1;
654;56;96;LC;3;1;;PT;1;
655;57;85;ES;3;1;;PT;1;
656;57;86;ES;3;1;;PT;1;
657;57;87;ES;3;1;;PT;1;
658;57;88;ES;3;1;;PT;1;
659;57;89;ES;3;1;;PT;1;
660;57;90;ES;3;1;;PT;1;
661;57;91;ES;3;1;;PT;1;
662;57;92;ES;3;1;;PT;1;
663;57;93;ES;3;1;;PT;1;
664;57;94;ES;3;1;;PT;1;
665;57;95;ES;3;1;;PT;1;
666;57;96;ES;3;1;;PT;1;
667;58;85;UK;3;1;;PT;1;
668;58;86;UK;3;1;;PT;1;
669;58;87;UK;3;1;;PT;1;
670;58;88;UK;3;1;;PT;1;
671;58;89;UK;3;1;;PT;1;
672;58;90;UK;3;1;;PT;1;
673;58;91;UK;3;1;;PT;1;
674;58;92;UK;3;1;;PT;1;
675;58;93;UK;3;1;;PT;1;
676;58;94;UK;3;1;;PT;1;
677;58;95;UK;3;1;;PT;1;
678;58;96;UK;3;1;;PT;1;
679;59;85;WH;3;1;;PT;1;
680;59;86;WH;3;1;;PT;1;
681;59;87;WH;3;1;;PT;1;
682;59;88;WH;3;1;;PT;1;
683;59;89;WH;3;1;;PT;1;
684;59;90;WH;3;1;;PT;1;
685;59;91;WH;3;1;;PT;1;
686;59;92;WH;3;1;;PT;1;
687;59;93;WH;3;1;;PT;1;
688;59;94;WH;3;1;;PT;1;
689;59;95;WH;3;1;;PT;1;
690;59;96;WH;3;1;;PT;1;
691;60;97;NT;3;1;;PT;1;
692;60;98;NT;3;1;;PT;1;
693;60;99;NT;3;1;;PT;1;
694;60;100;NT;3;1;;PT;1;
695;60;101;NT;3;1;;PT;1;
696;60;102;NT;3;1;;PT;1;
697;61;97;AL;3;1;;PT;1;
698;61;98;AL;3;1;;PT;1;
699;61;99;AL;3;1;;PT;1;
700;61;100;AL;3;1;;PT;1;
701;61;101;AL;3;1;;PT;1;
702;61;102;AL;3;1;;PT;1;
703;61;103;AL;3;1;;PT;1;
704;61;104;AL;3;1;;PT;1;
705;61;105;AL;3;1;;PT;1;
706;61;106;AL;3;1;;PT;1;
707;61;107;AL;3;1;;PT;1;
708;61;108;AL;3;1;;PT;1;
709;62;97;EN;3;1;;PT;1;
710;62;98;EN;3;1;;PT;1;
711;62;99;EN;3;1;;PT;1;
712;62;100;EN;3;1;;PT;1;
713;62;101;EN;3;1;;PT;1;
714;62;102;EN;3;1;;PT;1;
715;62;103;EN;3;1;;PT;1;
716;62;104;EN;3;1;;PT;1;
717;62;105;EN;3;1;;PT;1;
718;62;106;EN;3;1;;PT;1;
719;62;107;EN;3;1;;PT;1;
720;62;108;EN;3;1;;PT;1;
721;63;97;FR;3;1;;PT;1;
722;63;98;FR;3;1;;PT;1;
723;63;99;FR;3;1;;PT;1;
724;63;100;FR;3;1;;PT;1;
725;63;101;FR;3;1;;PT;1;
726;63;102;FR;3;1;;PT;1;
727;63;103;FR;3;1;;PT;1;
728;63;104;FR;3;1;;PT;1;
729;63;105;FR;3;1;;PT;1;
730;63;106;FR;3;1;;PT;1;
731;63;107;FR;3;1;;PT;1;
732;63;108;FR;3;1;;PT;1;
733;64;1;RS;3;1;;PT;1;
734;64;2;RS;3;1;;PT;1;
735;65;1;ES;3;1;;PT;1;
736;65;2;ES;3;1;;PT;1;
737;65;3;ES;3;1;;PT;1;
738;65;4;ES;3;1;;PT;1;
739;65;5;ES;3;1;;PT;1;
740;65;6;ES;3;1;;PT;1;
741;65;7;ES;3;1;;PT;1;
742;65;8;ES;3;1;;PT;1;
743;65;9;ES;3;1;;PT;1;
744;65;10;ES;3;1;;PT;1;
745;65;11;ES;3;1;;PT;1;
746;65;12;ES;3;1;;PT;1;
747;66;97;AA;3;1;;PT;1;
748;66;98;AA;3;1;;PT;1;
749;66;99;AA;3;1;;PT;1;
750;66;100;AA;3;1;;PT;1;
751;66;101;AA;3;1;;PT;1;
752;66;102;AA;3;1;;PT;1;
753;66;103;AA;3;1;;PT;1;
754;66;104;AA;3;1;;PT;1;
755;66;105;AA;3;1;;PT;1;
756;66;106;AA;3;1;;PT;1;
757;66;107;AA;3;1;;PT;1;
758;66;108;AA;3;1;;PT;1;
759;67;1;CA;3;1;;PT;1;
760;67;2;CA;3;1;;PT;1;
761;67;3;CA;3;1;;PT;1;
762;67;4;CA;3;1;;PT;1;
763;67;5;CA;3;1;;PT;1;
764;67;6;CA;3;1;;PT;1;
765;67;7;CA;3;1;;PT;1;
766;67;8;CA;3;1;;PT;1;
767;67;9;CA;3;1;;PT;1;
768;67;10;CA;3;1;;PT;1;
769;68;97;ET;3;1;;PT;1;
770;68;98;ET;3;1;;PT;1;
771;68;99;ET;3;1;;PT;1;
772;68;100;ET;3;1;;PT;1;
773;68;101;ET;3;1;;PT;1;
774;68;102;ET;3;1;;PT;1;
775;68;103;ET;3;1;;PT;1;
776;68;104;ET;3;1;;PT;1;
777;68;105;ET;3;1;;PT;1;
778;68;106;ET;3;1;;PT;1;
779;68;107;ET;3;1;;PT;1;
780;68;108;ET;3;1;;PT;1;
781;69;1;MU;3;1;;PT;1;
782;69;2;MU;3;1;;PT;1;
783;69;3;MU;3;1;;PT;1;
784;69;4;MU;3;1;;PT;1;
785;69;5;MU;3;1;;PT;1;
786;69;6;MU;3;1;;PT;1;
787;70;5;MT;3;1;;PT;1;
788;70;6;MT;3;1;;PT;1;
789;71;5;MT;3;1;;PT;1;
790;71;6;MT;3;1;;PT;1;
791;72;1;SP;3;1;;PT;1;
792;72;2;SP;3;1;;PT;1;
793;72;3;SP;3;1;;PT;1;
794;72;4;SP;3;1;;PT;1;
795;72;5;SP;3;1;;PT;1;
796;72;6;SP;3;1;;PT;1;
797;73;1;I9;3;1;;PT;1;
798;73;2;I9;3;1;;PT;1;
799;73;3;I9;3;1;;PT;1;
800;73;4;I9;3;1;;PT;1;
801;73;98;LC;3;1;;PT;1;
802;48;73;LC;3;1;;PT;1;
803;73;100;LC;3;1;;PT;1;
805;73;102;LC;3;1;;PT;1;
807;73;104;LC;3;1;;PT;1;
809;73;106;LC;3;1;;PT;1;
811;73;108;LC;3;1;;PT;1;
812;74;1;AS;3;1;;PT;1;
813;74;2;AS;3;1;;PT;1;
814;74;3;AS;3;1;;PT;1;
815;74;4;AS;3;1;;PT;1;
816;74;5;AS;3;1;;PT;1;
817;75;97;BI;3;1;;PT;1;
818;75;98;BI;3;1;;PT;1;
819;75;99;BI;3;1;;PT;1;
820;75;100;BI;3;1;;PT;1;
821;75;101;BI;3;1;;PT;1;
822;75;102;BI;3;1;;PT;1;
823;75;103;BI;3;1;;PT;1;
824;75;104;BI;3;1;;PT;1;
825;75;105;BI;3;1;;PT;1;
826;75;106;BI;3;1;;PT;1;
827;75;107;BI;3;1;;PT;1;
828;75;108;BI;3;1;;PT;1;
829;76;1;HE;3;1;;PT;1;
830;76;2;HE;3;1;;PT;1;
831;76;3;HE;3;1;;PT;1;
832;76;4;HE;3;1;;PT;1;
833;76;5;HE;3;1;;PT;1;
834;76;6;HE;3;1;;PT;1;
835;77;1;NS;3;1;;PT;1;
836;77;2;NS;3;1;;PT;1;
837;77;3;NS;3;1;;PT;1;
838;77;4;NS;3;1;;PT;1;
839;77;5;NS;3;1;;PT;1;
840;77;6;NS;3;1;;PT;1;
841;78;1;SP;3;1;;PT;1;
842;78;2;SP;3;1;;PT;1;
843;78;3;SP;3;1;;PT;1;
844;78;4;SP;3;1;;PT;1;
845;79;97;UK;3;1;;PT;1;
846;79;98;UK;3;1;;PT;1;
847;79;99;UK;3;1;;PT;1;
848;79;100;UK;3;1;;PT;1;
849;79;101;UK;3;1;;PT;1;
850;79;102;UK;3;1;;PT;1;
851;79;103;UK;3;1;;PT;1;
852;79;104;UK;3;1;;PT;1;
853;79;105;UK;3;1;;PT;1;
854;79;106;UK;3;1;;PT;1;
855;79;107;UK;3;1;;PT;1;
856;79;108;UK;3;1;;PT;1;
857;80;97;WG;3;1;;PT;1;
858;80;98;WG;3;1;;PT;1;
859;80;99;WG;3;1;;PT;1;
860;80;100;WG;3;1;;PT;1;
861;80;101;WG;3;1;;PT;1;
862;80;102;WG;3;1;;PT;1;
863;80;103;WG;3;1;;PT;1;
864;80;104;WG;3;1;;PT;1;
865;80;105;WG;3;1;;PT;1;
866;80;106;WG;3;1;;PT;1;
867;80;107;WG;3;1;;PT;1;
868;80;108;WG;3;1;;PT;1;
869;81;1;APv2;3;1;2022;PT;3;heeft toets (1 star) en essay (2 stars). Deze regel staat voor de toets
870;81;2;APv2;3;1;2022;PT;3;Deze heeft ook drie sterren, voor ‚‚n PACE?
871;151;97;AP;0;1;2019;PT;1;heeft toets (1 star) en essay (2 stars). Deze regel staat voor de toets
872;151;102;AP;0;1;2019;PT;3;
873;152;98;AP;0;1;2019;PT;1;6 sterren verdeeld over vier PACEs, vandaar om en om 1 en 2 sterren.
874;152;99;AP;0;1;2019;PT;2;
875;152;100;AP;0;1;2019;PT;1;
876;152;101;AP;0;1;2019;PT;2;
877;82;1;MI;3;1;;PT;1;
878;82;2;MI;3;1;;PT;1;
879;82;3;MI;3;1;;PT;1;
880;82;4;MI;3;1;;PT;1;
881;82;5;MI;3;1;;PT;1;
882;82;6;MI;3;1;;PT;1;
883;83;1;SL;3;1;;PT;1;
884;83;2;SL;3;1;;PT;1;
885;83;3;SL;3;1;;PT;1;
886;83;4;SL;3;1;;PT;1;
887;83;5;SL;3;1;;PT;1;
888;83;6;SL;3;1;;PT;1;
889;83;7;SL;3;1;;PT;1;
890;83;8;SL;3;1;;PT;1;
891;83;9;SL;3;1;;PT;1;
892;83;10;SL;3;1;;PT;1;
893;83;11;SL;3;1;;PT;1;
894;83;12;SL;3;1;;PT;1;
895;85;1;ED;3;1;;PT;1;
896;85;2;ED;3;1;;PT;1;
897;85;3;ED;3;1;;PT;1;
898;85;4;ED;3;1;;PT;1;
899;85;5;ED;3;1;;PT;1;
900;85;6;ED;3;1;;PT;1;
901;85;7;ED;3;1;;PT;1;
902;85;8;ED;3;1;;PT;1;
903;86;109;GE;3;1;;PT;1;
904;86;110;GE;3;1;;PT;1;
905;86;111;GE;3;1;;PT;1;
906;86;112;GE;3;1;;PT;1;
907;86;113;GE;3;1;;PT;1;
908;86;114;GE;3;1;;PT;1;
909;86;115;GE;3;1;;PT;1;
910;86;116;GE;3;1;;PT;1;
911;86;117;GE;3;1;;PT;1;
912;86;118;GE;3;1;;PT;1;
913;86;119;GE;3;1;;PT;1;
914;86;120;GE;3;1;;PT;1;
915;87;109;EN;3;1;;PT;1;
916;87;110;EN;3;1;;PT;1;
917;87;111;EN;3;1;;PT;1;
918;87;112;EN;3;1;;PT;1;
919;87;113;EN;3;1;;PT;1;
920;87;114;EN;3;1;;PT;1;
921;87;115;EN;3;1;;PT;1;
922;87;116;EN;3;1;;PT;1;
923;87;117;EN;3;1;;PT;1;
924;87;118;EN;3;1;;PT;1;
925;87;119;EN;3;1;;PT;1;
926;87;120;EN;3;1;;PT;1;
927;88;3;RS;3;1;;PT;1;
928;88;4;RS;3;1;;PT;1;
929;88;5;RS;3;1;;PT;1;
930;90;109;PS;3;1;;PT;1;
931;90;110;PS;3;1;;PT;1;
932;90;111;PS;3;1;;PT;1;
933;90;112;PS;3;1;;PT;1;
934;90;113;PS;3;1;;PT;1;
935;90;114;PS;3;1;;PT;1;
936;90;115;PS;3;1;;PT;1;
937;90;116;PS;3;1;;PT;1;
938;90;117;PS;3;1;;PT;1;
939;90;118;PS;3;1;;PT;1;
940;90;119;PS;3;1;;PT;1;
941;90;120;PS;3;1;;PT;1;
942;91;1;HC;3;1;;PT;1;
943;91;2;HC;3;1;;PT;1;
944;91;3;HC;3;1;;PT;1;
945;91;4;HC;3;1;;PT;1;
946;91;5;HC;3;1;;PT;2;
947;91;6;HC;3;1;;PT;1;
948;91;7;HC;3;1;;PT;1;
949;91;8;HC;3;1;;PT;1;
950;91;9;HC;3;1;;PT;1;
951;91;10;HC;3;1;;PT;2;
952;92;7;APv2;3;1;2022;PT;1;
953;92;8;APv2;3;1;2022;PT;2;
954;93;1;CC;3;1;;PT;1;
955;93;2;CC;3;1;;PT;1;
956;93;3;CC;3;1;;PT;1;
957;93;4;CC;3;1;;PT;1;
958;93;5;CC;3;1;;PT;2;TODO
959;;;;;;;;;
960;;;;;;;;;
961;;;;;;;;;
962;;;;;;;;;
963;;;;;;;;;
964;;;;;;;;;
965;95;109;OT;3;1;;PT;1;
966;95;110;OT;3;1;;PT;1;
967;95;111;OT;3;1;;PT;1;
968;95;112;OT;3;1;;PT;1;
969;95;113;OT;3;1;;PT;1;
970;95;114;OT;3;1;;PT;1;
971;95;115;OT;3;1;;PT;1;
972;95;116;OT;3;1;;PT;1;
973;95;117;OT;3;1;;PT;1;
974;95;118;OT;3;1;;PT;1;
975;95;119;OT;3;1;;PT;1;
976;95;120;OT;3;1;;PT;1;
977;96;109;AM;3;1;;PT;1;
978;96;110;AM;3;1;;PT;1;
979;96;111;AM;3;1;;PT;1;
980;96;112;AM;3;1;;PT;1;
981;96;113;AM;3;1;;PT;1;
982;96;114;AM;3;1;;PT;1;
983;98;121;AL;3;1;;PT;1;
984;98;122;AL;3;1;;PT;1;
985;98;123;AL;3;1;;PT;1;
986;98;124;AL;3;1;;PT;1;
987;98;125;AL;3;1;;PT;1;
988;98;126;AL;3;1;;PT;1;
989;98;127;AL;3;1;;PT;1;
990;98;128;AL;3;1;;PT;1;
991;98;129;AL;3;1;;PT;1;
992;98;130;AL;3;1;;PT;1;
993;98;131;AL;3;1;;PT;1;
994;98;132;AL;3;1;;PT;1;
995;99;1;BL;3;1;;PT;1;
996;99;2;BL;3;1;;PT;1;
997;99;3;BL;3;1;;PT;1;
998;99;4;BL;3;1;;PT;1;
999;99;5;BL;3;1;;PT;1;
1000;101;121;EN;3;1;;PT;1;
1001;101;122;EN;3;1;;PT;1;
1002;101;123;EN;3;1;;PT;1;
1003;101;124;EN;3;1;;PT;1;
1004;101;125;EN;3;1;;PT;1;
1005;101;126;EN;3;1;;PT;1;
1006;101;127;EN;3;1;;PT;1;
1007;101;128;EN;3;1;;PT;1;
1008;101;129;EN;3;1;;PT;1;
1009;101;130;EN;3;1;;PT;1;
1010;101;131;EN;3;1;;PT;1;
1011;101;132;EN;3;1;;PT;1;
1012;102;1;I1;3;1;;PT;1;
1013;102;2;I1;3;1;;PT;1;
1014;102;3;I1;3;1;;PT;1;
1015;103;1;I1;3;1;;PT;1;
1016;103;2;I1;3;1;;PT;1;
1017;103;3;I1;3;1;;PT;1;
1018;103;4;I1;3;1;;PT;1;
1019;103;5;I1;3;1;;PT;1;
1020;103;6;I1;3;1;;PT;1;
1021;104;121;GR;3;1;;PT;1;
1022;104;122;GR;3;1;;PT;1;
1023;104;123;GR;3;1;;PT;1;
1024;104;124;GR;3;1;;PT;1;
1025;104;125;GR;3;1;;PT;1;
1026;104;126;GR;3;1;;PT;1;
1027;104;127;GR;3;1;;PT;1;
1028;104;128;GR;3;1;;PT;1;
1029;104;129;GR;3;1;;PT;1;
1030;104;130;GR;3;1;;PT;1;
1031;104;131;GR;3;1;;PT;1;
1032;104;132;GR;3;1;;PT;1;
1033;105;121;CH;3;1;;PT;1;
1034;105;122;CH;3;1;;PT;1;
1035;105;123;CH;3;1;;PT;1;
1036;105;124;CH;3;1;;PT;1;
1037;105;125;CH;3;1;;PT;1;
1038;105;126;CH;3;1;;PT;1;
1039;105;127;CH;3;1;;PT;1;
1040;105;128;CH;3;1;;PT;1;
1041;105;129;CH;3;1;;PT;1;
1042;105;130;CH;3;1;;PT;1;
1043;105;131;CH;3;1;;PT;1;
1044;105;132;CH;3;1;;PT;1;
1045;106;121;NC;3;1;;PT;1;
1046;106;122;NC;3;1;;PT;1;
1047;106;123;NC;3;1;;PT;1;
1048;106;124;NC;3;1;;PT;1;
1049;106;125;NC;3;1;;PT;1;
1050;106;126;NC;3;1;;PT;1;
1051;106;127;NC;3;1;;PT;1;
1052;106;128;NC;3;1;;PT;1;
1053;106;129;NC;3;1;;PT;1;
1054;106;130;NC;3;1;;PT;1;
1055;106;131;NC;3;1;;PT;1;
1056;106;132;NC;3;1;;PT;1;
1057;107;121;AC;3;1;;PT;1;
1058;107;122;AC;3;1;;PT;1;
1059;107;123;AC;3;1;;PT;1;
1060;107;124;AC;3;1;;PT;1;
1061;107;125;AC;3;1;;PT;1;
1062;107;126;AC;3;1;;PT;1;
1063;107;127;AC;3;1;;PT;1;
1064;107;128;AC;3;1;;PT;1;
1065;107;129;AC;3;1;;PT;1;
1066;107;130;AC;3;1;;PT;1;
1067;107;131;AC;3;1;;PT;1;
1068;107;132;AC;3;1;;PT;1;
1069;108;1;CM;3;1;;PT;1;
1070;108;2;CM;3;1;;PT;1;
1071;108;3;CM;3;1;;PT;1;
1072;108;4;CM;3;1;;PT;1;
1073;108;5;CM;3;1;;PT;1;
1074;108;6;CM;3;1;;PT;1;
1075;108;7;CM;3;1;;PT;1;
1076;108;8;CM;3;1;;PT;1;
1077;108;9;CM;3;1;;PT;1;
1078;108;10;CM;3;1;;PT;1;
1079;109;11;CM;3;1;;PT;1;
1080;109;12;CM;3;1;;PT;1;
1081;109;13;CM;3;1;;PT;1;
1082;109;14;CM;3;1;;PT;1;
1083;109;15;CM;3;1;;PT;1;
1084;109;16;CM;3;1;;PT;1;
1085;109;17;CM;3;1;;PT;1;
1086;109;18;CM;3;1;;PT;1;
1087;109;19;CM;3;1;;PT;1;
1088;109;20;CM;3;1;;PT;1;
1089;110;139;HM;3;1;;PT;1;
1090;110;140;HM;3;1;;PT;1;
1091;110;141;HM;3;1;;PT;1;
1092;110;142;HM;3;1;;PT;1;
1093;110;143;HM;3;1;;PT;1;
1094;110;144;HM;3;1;;PT;1;
1095;111;133;TR;3;1;;PT;1;
1096;111;134;TR;3;1;;PT;1;
1097;111;135;TR;3;1;;PT;1;
1098;111;136;TR;3;1;;PT;1;
1099;111;137;TR;3;1;;PT;1;
1100;111;138;TR;3;1;;PT;1;
1101;112;11;EC;3;1;;PT;1;
1102;112;12;EC;3;1;;PT;1;
1103;112;13;EC;3;1;;PT;1;
1104;112;14;EC;3;1;;PT;1;
1105;112;15;EC;3;1;;PT;1;
1106;112;16;EC;3;1;;PT;1;
1107;112;17;EC;3;1;;PT;1;
1108;112;18;EC;3;1;;PT;1;
1109;112;19;EC;3;1;;PT;1;
1110;112;20;EC;3;1;;PT;1;
1111;113;133;EN;3;1;;PT;1;
1112;113;134;EN;3;1;;PT;1;
1113;113;135;EN;3;1;;PT;1;
1114;113;136;EN;3;1;;PT;1;
1115;113;137;EN;3;1;;PT;1;
1116;113;138;EN;3;1;;PT;1;
1117;113;139;EN;3;1;;PT;1;
1118;113;140;EN;3;1;;PT;1;
1119;113;141;EN;3;1;;PT;1;
1120;113;142;EN;3;1;;PT;1;
1121;113;143;EN;3;1;;PT;1;
1122;113;144;EN;3;1;;PT;1;
1123;114;11;GR;3;1;;PT;1;
1124;114;12;GR;3;1;;PT;1;
1125;114;13;GR;3;1;;PT;1;
1126;114;14;GR;3;1;;PT;1;
1127;114;15;GR;3;1;;PT;1;
1128;114;16;GR;3;1;;PT;1;
1129;114;17;GR;3;1;;PT;1;
1130;114;18;GR;3;1;;PT;1;
1131;114;19;GR;3;1;;PT;1;
1132;114;20;GR;3;1;;PT;1;
1133;115;7;MT;3;1;;PT;1;
1134;115;8;MT;3;1;;PT;1;
1135;116;1;CP;3;1;;PT;1;
1136;116;2;CP;3;1;;PT;1;
1137;116;3;CP;3;1;;PT;1;
1138;116;4;CP;3;1;;PT;1;
1139;116;5;CP;3;1;;PT;2;
1140;116;6;CP;3;1;;PT;1;
1141;116;7;CP;3;1;;PT;1;
1142;116;8;CP;3;1;;PT;1;
1143;116;9;CP;3;1;;PT;1;
1144;116;10;CP;3;1;;PT;2;
1145;117;133;PH;3;1;;PT;1;
1146;117;134;PH;3;1;;PT;1;
1147;117;135;PH;3;1;;PT;1;
1148;117;136;PH;3;1;;PT;1;
1149;117;137;PH;3;1;;PT;1;
1150;117;138;PH;3;1;;PT;1;
1151;117;139;PH;3;1;;PT;1;
1152;117;140;PH;3;1;;PT;1;
1153;117;141;PH;3;1;;PT;1;
1154;117;142;PH;3;1;;PT;1;
1155;117;143;PH;3;1;;PT;1;
1156;117;144;PH;3;1;;PT;1;
1157;118;85;AH;3;1;;PT;1;
1158;118;86;AH;3;1;;PT;1;
1159;118;87;AH;3;1;;PT;1;
1160;118;88;AH;3;1;;PT;1;
1161;118;89;AH;3;1;;PT;1;
1162;118;90;AH;3;1;;PT;1;
1163;118;91;AH;3;1;;PT;1;
1164;118;92;AH;3;1;;PT;1;
1165;118;93;AH;3;1;;PT;1;
1166;118;94;AH;3;1;;PT;1;
1167;118;95;AH;3;1;;PT;1;
1168;118;96;AH;3;1;;PT;1;
1169;164;133;CE;3;1;;PT;1;
1170;164;134;CE;3;1;;PT;1;
1171;164;135;CE;3;1;;PT;1;
1172;164;136;CE;3;1;;PT;1;
1173;164;137;CE;3;1;;PT;1;
1174;164;138;CE;3;1;;PT;1;
1175;165;139;CE;3;1;;PT;1;
1176;165;140;CE;3;1;;PT;1;
1177;165;141;CE;3;1;;PT;1;
1178;165;142;CE;3;1;;PT;1;
1179;165;143;CE;3;1;;PT;1;
1180;165;144;CE;3;1;;PT;1;
1181;120;133;CO;3;1;;PT;1;
1182;120;134;CO;3;1;;PT;1;
1183;120;135;CO;3;1;;PT;1;
1184;120;136;CO;3;1;;PT;1;
1185;120;137;CO;3;1;;PT;1;
1186;120;138;CO;3;1;;PT;1;
1187;121;11;HC;3;1;;PT;1;
1188;121;12;HC;3;1;;PT;1;
1189;121;13;HC;3;1;;PT;1;
1190;121;14;HC;3;1;;PT;1;
1191;121;15;HC;3;1;;PT;2;
1192;121;16;HC;3;1;;PT;1;
1193;121;17;HC;3;1;;PT;1;
1194;121;18;HC;3;1;;PT;1;
1195;121;19;HC;3;1;;PT;1;
1196;121;20;HC;3;1;;PT;2;
1197;122;133;UC;3;1;;PT;1;
1198;122;134;UC;3;1;;PT;1;
1199;122;135;UC;3;1;;PT;1;
1200;122;136;UC;3;1;;PT;1;
1201;123;6;CC;3;1;;PT;1;
1202;123;7;CC;3;1;;PT;1;
1203;123;8;CC;3;1;;PT;1;
1204;123;9;CC;3;1;;PT;1;
1205;123;10;CC;3;1;;PT;2;TODO
1206;124;133;CG;3;1;;PT;1;
1207;124;134;CG;3;1;;PT;1;
1208;124;135;CG;3;1;;PT;1;
1209;124;136;CG;3;1;;PT;1;
1210;124;137;CG;3;1;;PT;1;
1211;124;138;CG;3;1;;PT;1;
1212;162;1;BC;3;1;;PT;1;
1213;162;2;BC;3;1;;PT;1;
1214;162;3;BC;3;1;;PT;1;
1215;162;4;BC;3;1;;PT;1;
1216;162;5;BC;3;1;;PT;1;
1217;162;6;BC;3;1;;PT;1;
1218;162;7;BC;3;1;;PT;1;
1219;162;8;BC;3;1;;PT;1;
1220;162;9;BC;3;1;;PT;1;
1221;162;10;BC;3;1;;PT;1;
1222;;;;;;;;;Was voormalig NT Church History Deel II, maar hoeft niet, want zit al in 1045.
1223;;;;;;;;;Was voormalig NT Church History Deel II, maar hoeft niet, want zit al in 1045.
1224;127;1;EC;3;1;;PT;1;
1225;127;2;EC;3;1;;PT;1;
1226;127;3;EC;3;1;;PT;1;
1227;127;4;EC;3;1;;PT;1;
1228;127;5;EC;3;1;;PT;1;
1229;127;6;EC;3;1;;PT;1;
1230;127;7;EC;3;1;;PT;1;
1231;127;8;EC;3;1;;PT;1;
1232;127;9;EC;3;1;;PT;1;
1233;127;10;EC;3;1;;PT;1;
1234;130;1;BA;3;1;;PT;1;
1235;130;2;BA;3;1;;PT;1;
1236;130;3;BA;3;1;;PT;1;
1237;130;4;BA;3;1;;PT;1;
1238;130;5;BA;3;1;;PT;1;
1239;130;6;BA;3;1;;PT;1;
1240;130;7;BA;3;1;;PT;1;
1241;130;8;BA;3;1;;PT;1;
1242;130;9;BA;3;1;;PT;1;
1243;130;10;BA;3;1;;PT;1;
1244;130;11;BA;3;1;;PT;1;
1245;130;12;BA;3;1;;PT;1;
1246;130;13;BA;3;1;;PT;1;
1247;130;14;BA;3;1;;PT;1;
1248;130;15;BA;3;1;;PT;1;
1249;130;16;BA;3;1;;PT;1;
1250;131;133;LC;3;1;;PT;1;
1251;131;134;LC;3;1;;PT;1;
1252;131;135;LC;3;1;;PT;1;
1253;131;136;LC;3;1;;PT;1;
1254;131;137;LC;3;1;;PT;1;
1255;131;138;LC;3;1;;PT;1;
1256;131;139;LC;3;1;;PT;1;
1257;131;140;LC;3;1;;PT;1;
1258;131;141;LC;3;1;;PT;1;
1259;131;142;LC;3;1;;PT;1;
1260;131;143;LC;3;1;;PT;1;
1261;131;144;LC;3;1;;PT;1;
1262;129;1;IB;3;1;;PT;1;PACE + Activity Pac
1263;129;2;IB;3;1;;PT;1;PACE + Activity Pac
1264;129;3;IB;3;1;;PT;1;PACE + Activity Pac
1265;129;4;IB;3;1;;PT;1;PACE + Activity Pac
1266;129;5;IB;3;1;;PT;1;PACE + Activity Pac
1267;129;6;IB;3;1;;PT;1;PACE + Activity Pac
1268;147;49;UK;3;1;;PT;1;
1269;147;50;UK;3;1;;PT;1;
1270;147;51;UK;3;1;;PT;1;
1271;147;52;UK;3;1;;PT;1;
1272;147;53;UK;3;1;;PT;1;
1273;147;54;UK;3;1;;PT;1;
1274;147;55;UK;3;1;;PT;1;
1275;147;56;UK;3;1;;PT;1;
1276;147;57;UK;3;1;;PT;1;
1277;147;58;UK;3;1;;PT;1;
1278;147;59;UK;3;1;;PT;1;
1279;147;60;UK;3;1;;PT;1;
1280;148;109;US;3;1;;PT;1;
1281;148;110;US;3;1;;PT;1;
1282;148;111;US;3;1;;PT;1;
1283;148;112;US;3;1;;PT;1;
1284;148;113;US;3;1;;PT;1;
1285;148;114;US;3;1;;PT;1;
1286;148;115;US;3;1;;PT;1;
1287;148;116;US;3;1;;PT;1;
1288;148;117;US;3;1;;PT;1;
1289;148;118;US;3;1;;PT;1;
1290;148;119;US;3;1;;PT;1;
1291;148;120;US;3;1;;PT;1;
1292;149;13;AS;3;1;;PT;1;
1293;149;14;AS;3;1;;PT;1;
1294;149;15;AS;3;1;;PT;1;
1295;149;16;AS;3;1;;PT;1;
1296;149;17;AS;3;1;;PT;1;
1297;149;18;AS;3;1;;PT;1;
1298;149;19;AS;3;1;;PT;1;
1299;149;20;AS;3;1;;PT;1;
1300;149;21;AS;3;1;;PT;1;
1301;149;22;AS;3;1;;PT;1;
1302;149;23;AS;3;1;;PT;1;
1303;149;24;AS;3;1;;PT;1;
1304;146;98;LI;3;1;;PT;1;
1305;146;100;LI;3;1;;PT;1;
1306;146;102;LI;3;1;;PT;1;
1307;146;104;LI;3;1;;PT;1;
1308;146;106;LI;3;1;;PT;1;Did Man Just Happen? Deprecated. 
1309;146;108;LI;3;1;;PT;1;
1310;159;85;PS;3;1;;PT;1;
1311;159;86;PS;3;1;;PT;2;
1312;159;87;PS;3;1;;PT;1;
1313;159;88;PS;3;1;;PT;2;
1314;160;97;PS;3;1;;PT;1;
1315;160;98;PS;3;1;;PT;2;
1316;160;99;PS;3;1;;PT;1;
1317;160;100;PS;3;1;;PT;2;
1318;97;1;ICT;3;1;;PT;0;
1319;97;2;ICT;3;1;;PT;1;
1320;97;3;ICT;3;1;;PT;0;
1321;97;4;ICT;3;1;;PT;1;
1322;97;5;ICT;3;1;;PT;0;
1323;97;6;ICT;3;1;;PT;1;
1324;97;7;ICT;3;1;;PT;0;
1325;97;8;ICT;3;1;;PT;1;
1326;97;9;ICT;3;1;;PT;0;
1327;97;10;ICT;3;1;;PT;1;
1328;97;11;ICT;3;1;;PT;0;
1329;97;12;ICT;3;1;;PT;1;
1330;97;13;ICT;3;1;;PT;0;
1331;97;14;ICT;3;1;;PT;0;
1332;97;15;ICT;3;1;;PT;1;
1333;97;16;ICT;3;1;;PT;0;
1334;97;17;ICT;3;1;;PT;1;
1335;97;18;ICT;3;1;;PT;0;
1336;97;19;ICT;3;1;;PT;1;
1337;97;20;ICT;3;1;;PT;0;
1338;97;21;ICT;3;1;;PT;1;
1339;97;22;ICT;3;1;;PT;0;
1340;97;23;ICT;3;1;;PT;1;
1341;97;24;ICT;3;1;;PT;0;
1342;97;25;ICT;3;1;;PT;1;
1343;92;9;APv2;3;1;2022;PT;1;
1344;92;10;APv2;3;1;2022;PT;2;
1345;81;1E;APv2;3;1;2022;PT;2;heeft toets (1 star) en essay (2 stars). Deze regel staat voor het essay
1346;151;97E;AP;0;1;2019;PT;2;heeft toets (1 star) en essay (2 stars). Deze regel staat voor het essay
1347;151;1;AP;0;1;2019;PT;2;heeft toets (1 star) en essay (2 stars). ?
1348;152;2;AP;0;1;2019;PT;2;heeft toets (1 star) en essay (2 stars). Deze regel staat voor het essay
1349;146;108;LI;;;;PT;1;Poetry 1
1350;146;108;LI;;;;PT;1;Poetry 2
1351;146;108;LI;;;;PT;1;After the Flood
1352;150;1;EG;;;;PT;1;
1353;150;2;EG;;;;PT;1;
1354;150;3;EG;;;;PT;1;
1355;150;4;EG;;;;PT;1;
1356;150;5;EG;;;;PT;1;
1357;150;6;EG;;;;PT;1;
1358;1;1;RR;3;1;;PT;1;